{
	"start": [-1.2426972389221191,1.642000675201416,-0.567372739315033],
	"look": {"x":48.0,"y":-310.0},
	"path": [
		{"goto":[-0.6651337742805481,1.169381022453308,-0.23895055055618286],"lookat":{"x":60.0,"y":-319.0}}
	]
}
