{
	"path": [
		{"goto":[3.2572898864746094,0.18345636129379272,0.17688170075416565],"lookat":{"x":85.0,"y":-88.0},"refract":1.2000000476837158},
		{"goto":[3.2572898864746094,0.18345636129379272,0.17688170075416565],"lookat":{"x":85.0,"y":-88.0},"refract":1.2000000476837158}
	]
},
